vendor_id,vendor_name,category
V001,"Rodriguez, Figueroa and Sanchez",Professional Services
V002,Doyle  Ltd,Consulting
V003,"Mcclain, Miller and Henderson",Consulting
V004,Davis and Sons,Professional Services
V005,"Guzman, Hoffman and Baldwin",Facilities
V006,"Gardner, Robinson and Lawrence",Software & IT Services
V007,Blake and Sons,Software & IT Services
V008,"Henderson, Ramirez and Lewis",Software & IT Services
V009,Garcia-James,Professional Services
V010,Abbott-Munoz,Consulting
V011,Blair PLC,Professional Services
V012,Dudley  Group,Professional Services
V013,Arnold Ltd,Office Supplies
V014,"  Mcclure, Ward and Lee  ",Consulting
V015,Williams and Sons,Office Supplies
V016,Galloway-Wyatt,Travel
V017,James Group,Consulting
V018,"Flowers, Martin and Kelly",Consulting
V019,"Adams, Zuniga and Wong",Consulting
V020,"Reid, Ferguson and Sanchez",Software & IT Services
V021,Gray-Mayo,Software & IT Services
V022,"Watts, Robinson and Nguyen",Office Supplies
V023,Perez Inc,Office Supplies
V024,Morales-Jones,Consulting
V025,"Walter, Edwards and Rios",Office Supplies
V026,Wilkerson-Day,Software & IT Services
V027,Baker and Sons,Professional Services
V028,"Hoffman, Baker and Richards",Professional Services
V029,"Ross, Robinson and Bright",Professional Services
V030,"Snyder, Campos and Callahan",Office Supplies
V031,Burton Ltd,Travel
V032,Carlson-Cruz,Software & IT Services
V033,"Ferrell, Rice and Maddox",Travel
V034,Frazier Inc,Office Supplies
V035,"Dyer, Potter and Mack",Facilities
V036,Rodriguez-Graham,Consulting
V037,Smith-Bowen,Software & IT Services
V038,"Baker, Mason and White",Professional Services
V039,Harrell LLC,Travel
V040,"Romero, Gonzalez and Brooks",Facilities
